frame_idx,count_ball,count_player,count_goalkeeper,count_referee,mean_player_speed_kmh,mean_goalkeeper_speed_kmh,ball_observed,ball_interpolated,possession_team_id,camera_dx_px,camera_dy_px
0,1,21,0,4,nan,nan,1,0,,0.0,0.0
1,1,21,0,4,0.4074248415210085,nan,1,0,,-6.103515625e-05,-7.62939453125e-06
2,1,21,0,3,9.616282151213714,nan,1,0,,-0.061431884765625,-0.002655029296875
3,1,21,0,4,12.563787869044713,nan,1,0,,-6.103515625e-05,-0.0003204345703125
4,1,20,0,3,16.528209920972586,nan,1,0,,-0.52960205078125,-0.0057373046875
5,1,21,0,3,15.677657593041658,nan,1,0,,-0.26080322265625,-0.0064239501953125
6,1,20,0,3,16.062105650547892,nan,1,0,,0.0203857421875,-0.0002288818359375
7,1,20,0,3,13.559886200353503,nan,1,0,,0.2337646484375,0.0174560546875
8,1,20,0,3,14.261018344201148,nan,1,0,,9.1552734375e-05,0.0001125335693359375
9,1,20,0,3,14.676412574015558,nan,1,0,,-0.05999755859375,0.00406646728515625
10,1,20,0,3,13.294855426065624,nan,1,0,,-0.000518798828125,0.000152587890625
11,1,20,0,3,16.489852856844664,nan,1,0,,-0.017120361328125,0.002300262451171875
12,1,20,0,3,15.996820461004972,nan,1,0,,-0.095794677734375,0.00988006591796875
13,1,21,0,3,6290.888736991212,nan,1,0,,-0.022674560546875,0.0037689208984375
14,1,21,0,3,54.26857249279107,nan,1,0,,-0.035003662109375,0.0023193359375
15,1,21,0,3,58.03814630423273,nan,1,0,,-0.10776519775390625,0.0007171630859375
16,1,21,0,3,6067.752656816904,nan,1,0,,0.0,-1.52587890625e-05
17,1,20,0,3,20.688487756066024,nan,1,0,,-0.02484893798828125,-0.00991058349609375
18,1,21,0,3,18.514354490675032,nan,1,0,,-0.072845458984375,-0.02147674560546875
19,1,21,0,3,15.82746342489762,nan,1,0,,-0.0333251953125,-0.008754730224609375
20,1,21,0,3,16.25554776550936,nan,1,0,,-0.038543701171875,-0.0044269561767578125
21,1,21,0,3,14.782089732055153,nan,1,0,,-0.002349853515625,-0.00043487548828125
22,1,21,0,3,15.621551991041217,nan,1,0,,0.000274658203125,3.0517578125e-05
23,1,21,0,3,16.139920790280616,nan,1,0,,0.0001220703125,-4.57763671875e-05
24,1,20,0,3,16.17147265188396,nan,1,0,,0.0607452392578125,-0.03763580322265625
25,1,20,0,3,17.80527326837182,nan,1,0,,0.038360595703125,-0.017242431640625
26,1,20,0,3,15.666707498487085,nan,1,0,,0.0113525390625,-0.009676933288574219
27,1,20,0,3,14.829650106797505,nan,1,0,,0.01966094970703125,-0.0242156982421875
28,1,20,0,3,12.482542428653687,nan,1,0,,0.152130126953125,-0.016527175903320312
29,1,20,0,3,13.274013438262045,nan,1,0,,0.1031036376953125,-0.0075531005859375
30,1,20,0,3,14.51844459073618,nan,1,0,,0.091766357421875,-0.00655364990234375
31,1,20,0,3,15.859087091870606,nan,1,0,,0.1531982421875,-0.01424407958984375
32,1,20,0,3,14.26339644100517,nan,1,0,,0.1405487060546875,-0.059497833251953125
33,1,20,0,3,12.583028526976705,nan,1,0,,0.156341552734375,-0.057643890380859375
34,1,20,0,3,11.991642623674124,nan,1,0,,0.27044677734375,-0.0084991455078125
35,1,20,0,3,16.547732387669384,nan,1,0,,0.2701416015625,-0.010587692260742188
36,1,20,0,3,16.380961851216853,nan,1,0,,0.12654876708984375,-0.14694976806640625
37,1,20,0,3,17.122592819854617,nan,1,0,,-0.3610382080078125,-0.13813209533691406
38,1,20,0,3,15.67188103753142,nan,1,0,,0.164581298828125,-0.09873199462890625
39,1,20,0,3,14.160258306423202,nan,1,0,,0.870269775390625,-0.05913734436035156
40,1,20,0,3,14.244607860222459,nan,1,0,,1.5341796875,-0.24691009521484375
41,1,20,0,3,17.68507899600081,nan,1,0,,2.0460205078125,-0.250701904296875
42,1,20,0,3,14.312768537085503,nan,1,0,,2.573974609375,-0.28975677490234375
43,1,20,0,3,13.338625623844564,nan,1,0,,2.727996826171875,-0.26465415954589844
44,1,20,0,3,13.313367177732289,nan,1,0,,2.73199462890625,-0.30126953125
45,1,20,0,3,13.438591972924769,nan,1,0,,2.9339599609375,-0.4913330078125
46,1,20,0,3,15.132488226285204,nan,1,0,,2.9806671142578125,-0.42737388610839844
47,1,20,0,3,17.07224343996495,nan,1,0,,2.963897705078125,-0.39318370819091797
48,1,20,0,3,17.590977736981586,nan,1,0,,2.7500152587890625,-0.47658348083496094
49,1,20,0,3,19.50784298311919,nan,1,0,,2.667236328125,-0.267822265625
50,1,20,0,2,16.00496389064938,nan,1,0,,2.559814453125,-0.4630012512207031
51,1,20,0,2,16.489220425486565,nan,0,1,,2.740997314453125,-0.45070838928222656
52,1,20,0,2,14.600775486789644,nan,1,0,,3.04217529296875,-0.49517154693603516
53,1,20,0,2,16.456919202581048,nan,1,0,,3.258575439453125,-0.5444488525390625
54,1,20,0,2,16.417790140025318,nan,1,0,,3.1967315673828125,-0.428741455078125
55,1,20,0,2,17.07946658693254,nan,1,0,,3.381317138671875,-0.2263336181640625
56,1,20,0,2,17.135141509585083,nan,1,0,,3.504791259765625,-0.25086212158203125
57,1,20,0,2,19.492813484743237,nan,1,0,,3.732818603515625,-0.33881378173828125
58,1,20,0,2,18.087643943494186,nan,1,0,,3.772857666015625,-0.4964160919189453
59,1,20,0,2,19.55972921848297,nan,1,0,,4.008544921875,-0.4527854919433594
60,1,20,0,2,20.869991624727845,nan,1,0,,4.2889251708984375,-0.3168601989746094
61,1,20,0,2,20.78104897029698,nan,0,1,,4.3870849609375,-0.3218803405761719
62,1,20,0,2,18.707600014284253,nan,1,0,,4.3355255126953125,-0.289581298828125
63,1,20,0,2,18.77489672228694,nan,1,0,,4.402923583984375,-0.2776470184326172
64,1,20,0,2,21.660443114116788,nan,1,0,,4.37890625,-0.28896331787109375
65,1,20,0,2,21.546784741804004,nan,1,0,,4.6916656494140625,-0.1881866455078125
66,1,20,0,2,19.029585728421807,nan,1,0,,4.634063720703125,-0.3218860626220703
67,1,20,0,2,19.326476158574224,nan,1,0,,4.55657958984375,-0.37371063232421875
68,1,20,0,2,21.004450930282474,nan,1,0,,4.89141845703125,-0.25475311279296875
69,1,20,0,2,22.706894053146243,nan,1,0,,5.044342041015625,-0.27224159240722656
70,1,20,0,2,22.80233803857118,nan,1,0,,5.1707763671875,-0.19691848754882812
71,1,20,0,2,25.40014954470098,nan,1,0,,5.261138916015625,-0.13097381591796875
72,1,20,0,2,21.98901903256774,nan,1,0,,5.05572509765625,-0.0140533447265625
73,1,20,0,2,24.159628227353096,nan,1,0,,5.2475433349609375,-0.07827377319335938
74,1,20,0,2,19.739829981699586,nan,1,0,,5.513092041015625,-0.17853927612304688
75,1,19,0,2,23.692234354583842,nan,1,0,,5.9813232421875,-0.014881134033203125
76,1,20,0,2,21.7903640717268,nan,1,0,,6.270782470703125,0.0007781982421875
77,1,20,0,2,22.723668789491057,nan,1,0,,6.214080810546875,-0.18987083435058594
78,1,20,0,2,23.147095447406173,nan,1,0,,6.135528564453125,-0.1173095703125
79,1,20,0,2,26.906166622415185,nan,1,0,,6.323822021484375,-0.061504364013671875
80,1,21,0,1,26.357412423938513,nan,1,0,,6.5633544921875,-0.025226593017578125
81,1,21,0,1,22.992927048887527,nan,1,0,,6.56475830078125,0.2375946044921875
82,1,20,0,2,31.782980158925056,nan,1,0,,7.88623046875,2.0545310974121094
83,1,20,0,2,30.25966263189912,nan,1,0,,7.48382568359375,1.4767227172851562
84,1,20,0,2,29.866063948720694,nan,1,0,,7.6903076171875,1.4132766723632812
85,1,20,0,2,33.507803332060575,nan,1,0,,7.89312744140625,1.9348907470703125
86,1,21,0,1,31.12699148271765,nan,1,0,,7.57080078125,1.9640350341796875
87,1,21,0,1,32.41815543600491,nan,1,0,,7.78857421875,1.9366073608398438
88,1,21,0,1,34.73724584494318,nan,1,0,,8.514312744140625,1.98907470703125
89,1,21,0,1,33.33179603729929,nan,1,0,,8.6744384765625,1.8887901306152344
90,1,21,0,1,32.14068653328078,nan,1,0,,8.91632080078125,2.0057144165039062
91,1,20,0,2,35.1455430239439,nan,1,0,,9.19256591796875,2.1036529541015625
92,1,21,0,2,34.523542173206806,nan,1,0,,8.777862548828125,2.0747718811035156
93,1,20,0,2,35.64180610701442,nan,1,0,,9.726593017578125,1.9597854614257812
94,1,21,0,2,33.359407239726615,nan,1,0,,9.9537353515625,2.1654586791992188
95,1,21,0,1,34.14520973605769,nan,1,0,,9.826812744140625,2.092742919921875
96,1,21,0,1,33.024862334132195,nan,1,0,,9.07159423828125,2.0466995239257812
97,1,21,0,1,29.167511324797356,nan,1,0,,5.791015625,2.223876953125
98,1,21,0,2,34.384201552186695,nan,1,0,,8.19696044921875,2.1325759887695312
99,1,20,0,2,33.38210358470678,nan,1,0,,7.738616943359375,2.1722793579101562
100,1,20,0,2,34.793349266052246,nan,1,0,,8.80645751953125,2.2435989379882812
101,1,20,0,2,36.120024897158146,nan,1,0,,9.608428955078125,2.3375930786132812
102,1,20,0,2,31.160998083651066,nan,1,0,,8.755828857421875,2.07171630859375
103,1,20,0,2,30.2448940705508,nan,1,0,,9.2178955078125,2.211761474609375
104,1,20,0,2,32.69111759215593,nan,1,0,,9.524749755859375,2.334991455078125
105,1,20,0,2,35.27500668168068,nan,1,0,,10.259490966796875,2.1455078125
106,1,20,0,2,32.85758674889803,nan,1,0,,10.37457275390625,2.158966064453125
107,1,21,0,2,546.2412200442383,nan,1,0,,11.55645751953125,2.192413330078125
108,1,20,0,2,33.86130376160145,nan,1,0,,11.69500732421875,2.2223358154296875
109,1,20,0,2,34.04574613273144,nan,1,0,,11.262298583984375,2.148651123046875
110,1,20,0,2,33.08159700036049,nan,1,0,,10.697174072265625,2.4018783569335938
111,1,20,0,2,30.22572661936283,nan,1,0,,10.4930419921875,2.0365447998046875
112,1,20,0,2,27.10455083101988,nan,1,0,,10.55474853515625,2.0042343139648438
113,1,21,0,2,239.67121696897917,nan,1,0,,10.452545166015625,2.2773895263671875
114,1,21,0,1,694.3362928835713,nan,1,0,,11.334075927734375,2.2333145141601562
115,1,21,0,2,28.51935510124479,nan,1,0,,9.93841552734375,2.0636520385742188
116,1,21,0,1,30.25832352893693,nan,1,0,,10.87249755859375,2.195404052734375
117,1,21,0,1,30.061076006719045,nan,1,0,,10.4525146484375,2.2744293212890625
118,1,21,0,2,31.494423922151327,nan,1,0,,10.3258056640625,2.1743698120117188
119,1,21,0,2,29.65966867549079,nan,1,0,,9.71942138671875,2.0734481811523438
120,1,21,0,2,29.645460407648766,nan,0,1,,10.764892578125,1.9400863647460938
121,1,21,0,2,26.473710153784072,nan,0,1,,9.34521484375,2.018280029296875
122,1,21,0,2,25.20638402019228,nan,0,1,,8.75396728515625,2.0649948120117188
123,1,22,0,2,821.7667942561886,nan,0,1,,9.619140625,2.2634811401367188
124,1,21,0,1,6860.88197139757,nan,0,1,,9.131195068359375,1.9166030883789062
125,1,21,0,2,13732.490556452956,nan,1,0,,8.9647216796875,2.0093002319335938
126,1,20,0,2,7250.105355128646,nan,1,0,,9.221435546875,2.215179443359375
127,1,20,0,2,28.107746556401253,nan,1,0,,8.631103515625,1.9459457397460938
128,1,20,0,2,27.30529084056616,nan,1,0,,7.953643798828125,2.03302001953125
129,1,20,0,2,7025.042084667832,nan,1,0,,7.813262939453125,1.2667388916015625
130,1,20,0,2,7022.868424644694,nan,1,0,,8.278564453125,-0.09083175659179688
131,1,20,0,2,16.924944005906582,nan,1,0,,7.655609130859375,-0.09356880187988281
132,1,20,0,2,15.775998865121178,nan,1,0,,7.34002685546875,-0.02130126953125
133,1,20,0,2,17.179440169595182,nan,1,0,,7.10638427734375,-0.17742919921875
134,1,20,0,2,16.81094421353191,nan,1,0,,6.5252685546875,-0.024158477783203125
135,1,20,0,2,16.08981286548078,nan,1,0,,6.27490234375,-0.09300041198730469
136,1,20,0,2,17.66552585363388,nan,1,0,,6.304840087890625,-0.1278533935546875
137,1,20,0,2,16.16559725627303,nan,1,0,,5.4278564453125,-0.11589431762695312
138,1,21,0,2,2422.1811811560765,nan,1,0,,5.010833740234375,-0.058444976806640625
139,1,20,0,2,17.843748106621206,nan,1,0,,4.7603759765625,0.00107574462890625
140,1,21,0,2,17.544558860716364,nan,1,0,,4.9862060546875,0.001407623291015625
141,1,21,0,2,15.686969863516945,nan,1,0,,4.816009521484375,-0.04547882080078125
142,1,21,0,1,15.38643579930067,nan,1,0,,4.71771240234375,-0.043212890625
143,1,21,0,2,14.595602165375437,nan,1,0,,4.117095947265625,-0.0104522705078125
144,1,21,0,2,14.763174003788404,nan,1,0,,4.014129638671875,-1.52587890625e-05
145,1,21,0,2,16.225546609078133,nan,1,0,,4.22119140625,-0.05853271484375
146,1,21,0,2,14.160147990499224,nan,1,0,,3.70941162109375,-0.008352279663085938
147,1,21,0,2,15.336937020931925,nan,1,0,,3.825958251953125,-0.010814666748046875
148,1,21,0,2,15.223154577293567,nan,1,0,,3.544281005859375,-0.0596466064453125
149,1,21,0,2,13.989641719630786,nan,1,0,,3.12091064453125,-0.105682373046875
150,1,21,0,2,13.689529041626624,nan,1,0,,3.11126708984375,-0.11380767822265625
151,1,21,0,2,14.359807893633842,nan,1,0,,3.245574951171875,0.00716400146484375
152,1,21,0,2,14.008203915187291,nan,1,0,,2.79498291015625,0.00919342041015625
153,1,21,0,2,13.301457821258477,nan,1,0,,2.1983795166015625,-0.010694503784179688
154,1,21,0,2,14.058322682976723,nan,1,0,,2.34185791015625,-0.01602935791015625
155,1,21,0,2,14.84757804444858,nan,1,0,,2.32794189453125,-0.016902923583984375
156,1,21,0,2,14.400675004082066,nan,1,0,,2.01318359375,-0.00379180908203125
157,1,21,0,3,14.928893617221288,nan,1,0,,1.999359130859375,-0.030124664306640625
158,1,21,0,3,14.239457334790911,nan,1,0,,1.79827880859375,-0.08049392700195312
159,1,21,0,3,12.37336493496384,nan,1,0,,1.52178955078125,-0.00150299072265625
160,1,21,0,3,12.442939457084451,nan,1,0,,1.7291259765625,0.0003509521484375
161,1,21,0,3,11.877873518637248,nan,1,0,,1.7257080078125,-0.00850677490234375
162,1,21,0,3,11.584481362785612,nan,1,0,,1.642547607421875,-0.00521087646484375
163,1,21,0,3,12.399297872824329,nan,1,0,,1.403045654296875,-0.0067768096923828125
164,1,21,0,3,13.271034865507058,nan,1,0,,1.2666473388671875,-0.00109100341796875
165,1,21,0,3,14.24304984642991,nan,1,0,,1.000396728515625,-0.001800537109375
166,1,21,0,3,13.752482618604388,nan,1,0,,0.759033203125,-0.014806747436523438
167,1,21,0,3,12.305322417191096,nan,1,0,,0.5028076171875,-0.009429931640625
168,1,21,0,3,10.599416960030794,nan,1,0,,-0.38330078125,0.0040130615234375
169,1,21,0,3,11.290924442665917,nan,1,0,,0.28363037109375,-0.013591766357421875
170,1,21,0,3,12.93072163792593,nan,1,0,,0.716766357421875,-0.017812728881835938
171,1,21,0,3,12.204996935491051,nan,1,0,,0.7373046875,-0.00716400146484375
172,1,21,0,3,13.182544303791863,nan,1,0,,0.509185791015625,-0.022722244262695312
173,1,21,0,3,12.039842302245754,nan,1,0,,-0.018646240234375,-0.055675506591796875
174,1,21,0,3,12.096916030028037,nan,1,0,,0.28973388671875,-0.06130218505859375
175,1,21,0,3,12.301667795649596,nan,1,0,,0.363372802734375,0.01385498046875
176,1,21,0,3,13.111175990530423,nan,1,0,,0.3736724853515625,0.0001373291015625
177,1,21,0,3,11.392139100602694,nan,1,0,,0.1037139892578125,-0.0058135986328125
178,1,21,0,3,10.243995990604162,nan,1,0,,-0.0462493896484375,-0.0142364501953125
179,1,21,0,3,10.322640394525868,nan,1,0,,0.2626953125,-0.014652252197265625
180,1,21,0,3,10.865192365433488,nan,1,0,,0.25250244140625,-0.02487945556640625
181,1,21,0,3,10.954624877444335,nan,1,0,,0.01141357421875,-0.036102294921875
182,1,21,0,3,11.752104881618704,nan,1,0,,-0.502777099609375,-0.15117645263671875
183,1,21,0,3,12.951588182310973,nan,1,0,,-0.007659912109375,0.000396728515625
184,1,21,0,3,11.648549098255378,nan,1,0,,0.0,4.57763671875e-05
185,1,21,0,3,9.837146612948604,nan,1,0,,-0.45318603515625,0.05052947998046875
186,1,21,0,3,11.46588005524661,nan,1,0,,0.00634765625,0.03110504150390625
187,1,21,0,3,11.353243365883827,nan,1,0,,0.147308349609375,0.0212860107421875
188,1,21,0,3,10.707025565207005,nan,1,0,,0.171875,0.03194427490234375
189,1,21,0,3,10.436979931380067,nan,1,0,,0.08807373046875,-0.00014495849609375
190,1,21,0,3,10.359937524689096,nan,1,0,,0.2328948974609375,0.011199951171875
191,1,21,0,3,9.65605575857418,nan,1,0,,-0.2126007080078125,0.01041412353515625
192,1,21,0,3,9.425501070384469,nan,1,0,,-0.30889892578125,0.01570892333984375
193,1,21,0,3,10.630810340600354,nan,1,0,,0.2681884765625,0.007676124572753906
194,1,21,0,3,9.713125638663769,nan,1,0,,0.283843994140625,0.01192474365234375
195,1,21,0,3,10.109099564807755,nan,1,0,,0.3311767578125,0.028656005859375
196,1,21,0,3,8.520301275088318,nan,1,0,,-0.25604248046875,0.00481414794921875
197,1,21,0,3,9.77461910407458,nan,1,0,,0.2102813720703125,0.00653839111328125
198,1,21,0,3,9.925369452685118,nan,1,0,,0.404541015625,0.011386871337890625
199,1,21,0,3,8.521981657083545,nan,1,0,,0.4542999267578125,-0.009059906005859375
200,1,21,0,3,9.135650687717966,nan,1,0,,0.493316650390625,0.010931015014648438
201,1,21,0,3,9.246073317314897,nan,1,0,,0.30828857421875,0.00399017333984375
202,1,21,0,3,9.057807525885957,nan,1,0,,0.28131103515625,0.001094818115234375
203,1,21,0,3,8.64011244050094,nan,1,0,,0.475372314453125,0.0078277587890625
204,1,21,0,3,8.187781790537494,nan,1,0,,0.52008056640625,0.010828018188476562
205,1,21,0,3,7.24551433963435,nan,1,0,,0.1922607421875,-0.00844573974609375
206,1,21,0,3,7.738749818610294,nan,1,0,,0.016998291015625,-0.051746368408203125
207,1,21,0,3,8.768658069893718,nan,1,0,,0.004669189453125,0.0007171630859375
208,1,21,0,3,8.578518811347228,nan,1,0,,0.1636962890625,0.0089874267578125
209,1,21,0,3,6.997650985472968,nan,1,0,,0.0399322509765625,0.0137481689453125
210,1,21,0,3,7.131804072165063,nan,1,0,,-0.007415771484375,0.009449005126953125
211,1,21,0,3,7.954508793274207,nan,1,0,,-0.0532073974609375,0.056640625
212,1,21,0,3,8.245005131300006,nan,1,0,,-0.05635833740234375,0.05220222473144531
213,1,21,0,3,9.003018201994044,nan,1,0,,-0.108917236328125,0.029985427856445312
214,1,21,0,3,8.026252945086785,nan,1,0,,-0.1163330078125,0.023836135864257812
215,1,21,0,3,7.65869719308934,nan,1,0,,-0.069549560546875,0.011363983154296875
216,1,21,0,3,7.078939037663596,nan,1,0,,-0.0780029296875,0.00930023193359375
217,1,21,0,3,6.440121491572687,nan,1,0,,-0.161102294921875,0.026424407958984375
218,1,21,0,3,5.968046580175204,nan,1,0,,-0.2083740234375,0.03205108642578125
219,1,21,0,3,6.14929945574009,nan,1,0,,-0.151580810546875,0.02942657470703125
220,1,21,0,3,6.733092728203961,nan,1,0,,-0.002349853515625,0.043487548828125
221,1,21,0,3,6.798326741637928,nan,1,0,,-0.0781097412109375,0.063629150390625
222,1,21,0,3,7.134345680741327,nan,1,0,,-0.1728515625,0.0032196044921875
223,1,21,0,3,6.817453454381654,nan,1,0,,-0.184234619140625,-0.052700042724609375
224,1,21,0,3,6.568571247958711,nan,1,0,,-0.26113128662109375,-0.04311370849609375
225,1,21,0,3,6.802546235599688,nan,1,0,,-0.0626983642578125,0.10118865966796875
226,1,20,0,4,6.530466120690107,nan,1,0,,-7.62939453125e-05,0.0001678466796875
227,1,21,0,3,5.19924573267677,nan,1,0,,-0.25909423828125,0.14725112915039062
228,1,21,0,4,5.712884188521587,nan,1,0,,0.0135498046875,0.1267852783203125
229,1,21,0,3,6.314040233514139,nan,1,0,,0.7177276611328125,0.2303314208984375
230,1,21,0,3,5.196538222288447,nan,1,0,,-0.19403076171875,0.21047592163085938
231,1,21,0,3,6.0574799024366905,nan,1,0,,-0.203521728515625,0.07122039794921875
232,1,21,0,4,4.794491645763628,nan,1,0,,-0.23867034912109375,0.2256031036376953
233,1,21,0,4,2392.17086668858,nan,1,0,,-0.266357421875,0.00580596923828125
234,1,21,0,4,2397.3454252617166,nan,1,0,,-0.312835693359375,-0.018402099609375
235,1,21,0,4,2393.7520211017027,nan,1,0,,-0.292236328125,-0.0270233154296875
236,1,21,0,3,5.695059427193233,nan,1,0,,-0.464874267578125,-0.1075897216796875
237,1,21,0,3,5.957617206066581,nan,1,0,,-0.525665283203125,0.035839080810546875
238,1,21,0,3,6.307867792035852,nan,1,0,,-0.54278564453125,-0.02373504638671875
239,1,21,0,3,6.437263318470547,nan,1,0,,-0.554107666015625,-0.012310028076171875
240,1,21,0,3,5.62294328452221,nan,1,0,,-0.4908447265625,0.0767822265625
241,1,21,0,3,5.323242373498423,nan,1,0,,-0.29376220703125,0.0023345947265625
242,1,21,0,3,4.313001206277737,nan,1,0,,-0.290496826171875,-0.025272369384765625
243,1,21,0,3,5.263524115351694,nan,1,0,,-0.284881591796875,-0.0773468017578125
244,1,21,0,3,5.293598945718259,nan,1,0,,-0.1019287109375,0.10699462890625
245,1,21,0,3,4.953566337644588,nan,1,0,,0.0911865234375,0.25060272216796875
246,1,21,0,3,4.164911197897579,nan,1,0,,-0.0029296875,0.23095703125
247,1,21,0,3,4.487171684990504,nan,1,0,,-0.0076904296875,0.1317901611328125
248,1,21,0,3,4.240043396795435,nan,1,0,,0.001678466796875,0.15185546875
249,1,21,0,3,5.433270155585238,nan,1,0,,0.0,1.52587890625e-05
250,1,21,0,3,5.073858538110342,nan,1,0,,-0.0633544921875,0.01305389404296875
251,1,21,0,4,4.523420562967658,nan,1,0,,-0.0153961181640625,0.002941131591796875
252,1,21,0,4,5965.589963729893,nan,1,0,,-0.007904052734375,0.00115966796875
253,1,21,0,3,4.926027839870325,nan,1,0,,-0.05059814453125,0.021976470947265625
254,1,21,0,3,4.747972577544195,nan,1,0,,-0.01177978515625,0.03682708740234375
255,1,21,0,3,5.352416888677648,nan,1,0,,0.020904541015625,0.12095260620117188
256,1,21,0,3,5.50506961398891,nan,1,0,,-0.005126953125,-0.022998809814453125
257,1,21,0,3,6.619409242910998,nan,1,0,,-0.00787353515625,-0.0475921630859375
258,1,21,0,3,6.47664707952312,nan,1,0,,0.048583984375,0.028463363647460938
259,1,21,0,3,5.924638222370829,nan,1,0,,0.0108184814453125,0.0074462890625
260,1,21,0,3,5.194828906761749,nan,1,0,,-0.02081298828125,0.00043487548828125
261,1,21,0,4,5.384420196392706,nan,1,0,,-0.025634765625,-0.002307891845703125
262,1,21,0,4,5.010904706681946,nan,1,0,,0.0,-0.0024871826171875
263,1,21,0,3,5.542468698528994,nan,1,0,,-0.0006103515625,-0.00098419189453125
264,1,21,0,3,4.989343465172818,nan,1,0,,0.0001220703125,9.918212890625e-05
265,1,21,0,3,5.341362267998712,nan,1,0,,0.19525146484375,0.22034263610839844
266,1,20,0,3,5.16763782617636,nan,1,0,,0.0723876953125,-0.00286102294921875
267,1,20,0,3,6.002912743482739,nan,1,0,,-0.1282958984375,-0.10207366943359375
268,1,20,0,3,6.1497633014805615,nan,1,0,,-0.10919189453125,0.07192611694335938
269,1,21,0,3,5.774036903998682,nan,1,0,,-0.2642822265625,0.0495452880859375
270,1,21,0,3,5.438092935032079,nan,1,0,,-0.023681640625,0.08429145812988281
271,1,21,0,3,4.829445330958281,nan,1,0,,-0.01165771484375,0.13921356201171875
272,1,21,0,3,5.164682398151074,nan,1,0,,-0.0396575927734375,0.19378662109375
273,1,21,0,3,5.072751149002995,nan,1,0,,-0.002716064453125,0.25995635986328125
274,1,21,0,3,5.760131438395807,nan,1,0,,-0.0146484375,0.21527099609375
275,1,21,0,3,5.500789666548371,nan,1,0,,-0.19031524658203125,0.06838607788085938
276,1,21,0,3,5.540715876434531,nan,1,0,,-0.001708984375,0.2130279541015625
277,1,19,0,4,8.214514330764743,nan,1,0,,-0.2198944091796875,0.0361785888671875
278,1,20,0,3,5.299073022790253,nan,1,0,,-0.24578857421875,-0.046466827392578125
279,1,20,0,3,5.341191176790744,nan,1,0,,-0.139312744140625,-0.024089813232421875
280,1,20,0,3,4.60652966843918,nan,1,0,,6.103515625e-05,0.009326934814453125
281,1,21,0,3,6375.57760787396,nan,1,0,,-0.00018310546875,0.00152587890625
282,1,21,0,3,5.147185570427349,nan,1,0,,-0.042327880859375,0.0167388916015625
283,1,21,0,3,6379.968755674948,nan,1,0,,-0.009552001953125,0.03372955322265625
284,1,20,0,3,6699.786972125061,nan,1,0,,-0.105621337890625,0.06171417236328125
285,1,19,0,3,7047.063884294935,nan,1,0,,-0.1031951904296875,0.064361572265625
286,1,20,0,3,6697.529443700798,nan,1,0,,0.000244140625,0.00777435302734375
287,1,20,0,3,7.799266558606178,nan,1,0,,0.003753662109375,0.08155059814453125
288,1,21,0,3,6382.833854166724,nan,1,0,,-0.009307861328125,0.20668792724609375
289,1,21,0,3,6.303707546155367,nan,1,0,,-0.0041656494140625,0.24225616455078125
290,1,21,0,3,7.399358518554696,nan,1,0,,-0.0030975341796875,0.24920654296875
291,1,20,0,3,5.825113100814633,nan,1,0,,-0.17755126953125,0.04648590087890625
292,1,20,0,3,6.588829119689763,nan,1,0,,0.1027984619140625,0.14472579956054688
293,1,20,0,3,7.26578044728376,nan,1,0,,0.009368896484375,0.1712799072265625
294,1,20,0,3,6.594371805083938,nan,1,0,,-0.125701904296875,0.1694793701171875
295,1,20,0,3,5.549620752688497,nan,1,0,,-0.00628662109375,0.003345489501953125
296,1,20,0,3,5.27179415532737,nan,1,0,,-0.0059814453125,0.000850677490234375
297,1,20,0,3,6.895104953320697,nan,1,0,,-0.03472900390625,0.046611785888671875
298,1,20,0,3,6.234817668562755,nan,1,0,,-0.0252685546875,0.0859222412109375
299,1,20,0,3,6.824238969013095,nan,1,0,,0.019622802734375,0.11707687377929688
300,1,20,0,3,7.14474360505119,nan,1,0,,-0.009918212890625,0.08159255981445312
301,1,21,0,3,7.524648056329265,nan,1,0,,-0.066436767578125,0.17819976806640625
302,1,21,0,3,7.431618997028896,nan,0,1,,-0.0244140625,0.1138153076171875
303,1,21,0,3,7.013228329430733,nan,1,0,,-0.186065673828125,0.050983428955078125
304,1,21,0,3,6.105713382629411,nan,1,0,,-0.226165771484375,0.24239730834960938
305,1,21,0,3,5.620363167087946,nan,1,0,,-0.370330810546875,0.135345458984375
306,1,21,0,3,5.567758418619633,nan,1,0,,-0.469635009765625,0.13642501831054688
307,1,21,0,3,5.856278142226594,nan,1,0,,-0.606964111328125,-0.007965087890625
308,1,21,0,3,6.540993357609425,nan,1,0,,-1.097320556640625,0.000457763671875
309,1,21,0,3,6.671697416874979,nan,1,0,,-1.479888916015625,0.027557373046875
310,1,21,0,3,6.92572128825954,nan,1,0,,-1.7120361328125,0.036479949951171875
311,1,21,0,3,6.95185120084456,nan,1,0,,-1.725738525390625,0.05487823486328125
312,1,21,0,3,7.083098241793258,nan,1,0,,-1.9849853515625,0.08456993103027344
313,1,21,0,3,7.6463149547843,nan,1,0,,-2.314483642578125,0.02835845947265625
314,1,21,0,3,7.6433321966656615,nan,1,0,,-2.34521484375,0.0501251220703125
315,1,21,0,3,7.337979743523257,nan,1,0,,-2.28094482421875,0.11236572265625
316,1,21,0,3,8.1594188192061,nan,1,0,,-2.487274169921875,0.048595428466796875
317,1,21,0,3,8.68807670793363,nan,1,0,,-2.6978759765625,0.0200653076171875
318,1,21,0,3,8.256612758019141,nan,1,0,,-2.80126953125,0.00408935546875
319,1,21,0,3,9.513110422662326,nan,1,0,,-2.994842529296875,0.00836944580078125
320,1,21,0,3,9.749320213283811,nan,1,0,,-3.114532470703125,0.017490386962890625
321,1,21,0,3,10.228312739304133,nan,1,0,,-3.3641357421875,0.042736053466796875
322,1,21,0,3,9.676891736952323,nan,1,0,,-3.41754150390625,0.0155181884765625
323,1,21,0,3,10.313942621329002,nan,1,0,,-3.54833984375,0.008398056030273438
324,1,21,0,3,11.161197519728116,nan,1,0,,-3.75341796875,0.009014129638671875
325,1,21,0,3,11.18573254772595,nan,1,0,,-3.73455810546875,0.007537841796875
326,1,21,0,3,11.795752181538514,nan,1,0,,-3.704315185546875,0.0041065216064453125
327,1,21,0,3,12.03638776072434,nan,1,0,,-3.603271484375,0.0012187957763671875
328,1,21,0,3,12.618212141096592,nan,1,0,,-3.666229248046875,0.0001850128173828125
329,1,21,0,3,10.874355725411858,nan,1,0,,-3.726776123046875,-0.020961761474609375
330,1,21,0,3,10.77040161405291,nan,1,0,,-3.871368408203125,-0.08606719970703125
331,1,21,0,3,11.391387180026088,nan,1,0,,-4.267608642578125,-0.02278900146484375
332,1,21,0,3,12.394833152315446,nan,0,1,,-4.346527099609375,-0.15375709533691406
333,1,21,0,3,12.97290374125753,nan,1,0,,-4.2249755859375,-0.0037078857421875
334,1,21,0,3,15.431539442922388,nan,1,0,,-4.24591064453125,-0.01015472412109375
335,1,21,0,3,16.48324929177761,nan,1,0,,-4.506744384765625,-0.23151779174804688
336,1,21,0,3,16.385686772742442,nan,1,0,,-4.542449951171875,-0.263763427734375
337,1,21,0,3,14.753773212432861,nan,1,0,,-4.513641357421875,-0.09418487548828125
338,1,21,0,3,14.554048261738249,nan,1,0,,-4.763397216796875,-0.156585693359375
339,1,21,0,3,14.471711449857269,nan,1,0,,-4.99609375,-0.2647590637207031
340,1,21,0,3,14.060791895857879,nan,1,0,,-5.01666259765625,-0.26723480224609375
341,1,21,0,3,13.848964883945882,nan,1,0,,-5.19073486328125,-0.37740325927734375
342,1,21,0,3,17.707269404615676,nan,1,0,,-5.544830322265625,-1.627471923828125
343,1,21,0,3,20.53740237440382,nan,0,1,,-5.65899658203125,-1.6212158203125
344,1,21,0,3,19.243093729019165,nan,0,1,,-5.72821044921875,-1.3656158447265625
345,1,21,0,3,20.07332765630313,nan,0,1,,-5.6441650390625,-1.453857421875
346,1,21,0,3,20.330254765493528,nan,1,0,,-5.35614013671875,-1.4595489501953125
347,1,21,0,3,18.565851471253804,nan,1,0,,-5.457305908203125,-0.9949569702148438
348,1,20,0,3,22.42140406742692,nan,1,0,,-5.948394775390625,-1.513671875
349,1,20,0,3,22.40089512616396,nan,1,0,,-6.028533935546875,-1.4462432861328125
350,1,20,0,3,22.91431687027216,nan,1,0,,-6.201751708984375,-1.4677352905273438
351,1,20,0,3,20.031502190977335,nan,1,0,,-5.73345947265625,-1.260009765625
352,1,20,0,3,19.28399223089218,nan,1,0,,-5.74176025390625,-0.8180770874023438
353,1,20,0,3,19.066909102723002,nan,1,0,,-5.781280517578125,-0.5844192504882812
354,1,20,0,3,19.88546895235777,nan,1,0,,-5.958984375,-0.6545944213867188
355,1,20,0,3,20.36379317007959,nan,1,0,,-6.432159423828125,-1.105133056640625
356,1,20,0,3,19.811453176662326,nan,1,0,,-6.5963134765625,-0.9860382080078125
357,1,20,0,3,20.741448685526848,nan,1,0,,-6.89739990234375,-1.0533218383789062
358,1,20,0,3,20.312846705317497,nan,1,0,,-6.72943115234375,-1.1057052612304688
359,1,19,0,3,19.502528090226022,nan,0,1,,-6.7479248046875,-0.7565155029296875
360,1,20,0,3,22.096125636445848,nan,1,0,,-6.6307373046875,-1.23760986328125
361,1,20,0,3,21.419962691143155,nan,0,1,,-6.510498046875,-1.0220794677734375
362,1,20,0,3,21.52600682526827,nan,0,1,,-6.554351806640625,-0.8686981201171875
363,1,20,0,3,21.309302005916834,nan,0,1,,-6.114501953125,-1.0660018920898438
364,1,20,0,3,19.57869959436357,nan,1,0,,-5.884124755859375,-1.0505447387695312
365,1,20,0,3,22.93706116452813,nan,1,0,,-6.365203857421875,-1.4052886962890625
366,1,20,0,3,20.25446544215083,nan,1,0,,-6.09930419921875,-1.1292724609375
367,1,20,0,3,21.22251980379224,nan,1,0,,-5.969940185546875,-1.0313644409179688
368,1,20,0,3,23.79710771329701,nan,0,1,,-5.781463623046875,-1.410247802734375
369,1,20,0,3,5397.9390657451,nan,1,0,,-5.913970947265625,-1.2444000244140625
370,1,19,0,3,5675.474990243582,nan,1,0,,-6.04730224609375,-1.2439727783203125
371,1,19,0,3,21.03733523895866,nan,1,0,,-5.661651611328125,-1.1877212524414062
372,1,19,0,3,20.76684742334642,nan,1,0,,-5.750701904296875,-0.9490509033203125
373,1,19,0,3,23.716613516995782,nan,1,0,,-6.054901123046875,-1.3775482177734375
374,1,19,0,3,24.391841849214153,nan,1,0,,-6.19244384765625,-1.15435791015625
375,1,19,0,3,26.26239634658161,nan,1,0,,-6.19305419921875,-1.0455245971679688
376,1,19,0,3,24.357590322431765,nan,1,0,,-6.24298095703125,-1.4267578125
377,1,19,0,3,20.521978916306246,nan,1,0,,-5.96295166015625,-0.8593292236328125
378,1,19,0,3,25.04618614912033,nan,1,0,,-6.566558837890625,-1.2653732299804688
379,1,19,0,3,22.937718935702975,nan,1,0,,-6.200592041015625,-1.183837890625
380,1,19,0,3,22.79126356502897,nan,0,1,,-6.2252197265625,-0.933837890625
381,1,19,0,3,23.00602216469614,nan,0,1,,-6.20623779296875,-1.32672119140625
382,1,19,0,3,23.121977924908464,nan,0,1,,-6.484588623046875,-1.1255722045898438
383,1,19,0,3,24.169425313410006,nan,1,0,,-6.69024658203125,-1.1889114379882812
384,1,20,0,3,23.33732286958318,nan,1,0,,-6.113250732421875,-1.3866806030273438
385,1,20,0,3,20.01804293319583,nan,1,0,,-5.787109375,-0.9146270751953125
386,1,20,0,3,24.597328746691346,nan,1,0,,-5.845489501953125,-1.4066619873046875
387,1,20,0,3,20.167196972295642,nan,1,0,,-5.347076416015625,-1.25115966796875
388,1,20,0,3,22.02755337394774,nan,1,0,,-5.123443603515625,-1.0632820129394531
389,1,20,0,3,22.49331422522664,nan,1,0,,-4.97259521484375,-1.4919509887695312
390,1,19,0,3,20.741373555440653,nan,1,0,,-5.04876708984375,-1.2299118041992188
391,1,20,0,3,6858.3340370468795,nan,1,0,,-5.044647216796875,-1.4106369018554688
392,1,19,0,3,37.9295490035101,nan,1,0,,-4.66009521484375,-1.36102294921875
393,1,19,0,3,7235.2689477232725,nan,1,0,,-4.814544677734375,-0.947418212890625
394,1,19,0,3,7216.964502597326,nan,1,0,,-5.322265625,-1.5908126831054688
395,1,19,0,3,14422.804680909765,nan,0,1,,-5.45941162109375,-1.2948760986328125
396,1,19,0,3,26.07293503653062,nan,0,1,,-5.226654052734375,-1.2254791259765625
397,1,19,0,3,21.999906187779025,nan,1,0,,-5.16217041015625,-1.307586669921875
398,1,18,0,3,7628.53723179549,nan,1,0,,-5.09246826171875,-1.2066192626953125
399,1,19,0,3,10345.694696985578,nan,1,0,,-4.840850830078125,-1.5664138793945312
400,1,20,0,3,16680.524981975555,nan,1,0,,-4.615386962890625,-1.453033447265625
401,1,20,0,3,6876.788151042536,nan,1,0,,-4.614959716796875,-0.9698982238769531
402,1,20,0,3,19.46673778630793,nan,1,0,,-4.296234130859375,-1.5205078125
403,1,20,0,3,2955.9050111733377,nan,1,0,,-3.51507568359375,-1.3444099426269531
404,1,20,0,3,41.32590030133724,nan,1,0,,-7.4791259765625,-1.2628173828125
405,1,20,0,3,2943.495944134891,nan,1,0,,-5.834320068359375,-1.3805389404296875
406,1,19,0,3,17.415903728259238,nan,1,0,,-5.681884765625,-1.2040863037109375
407,1,19,0,3,19.08291117141121,nan,1,0,,-5.738922119140625,-1.5812301635742188
408,1,20,0,3,2917.2147537879646,nan,1,0,,-4.51409912109375,-1.4527359008789062
409,1,19,0,3,3064.1828528674027,nan,0,1,,-3.999542236328125,-1.0829544067382812
410,1,20,0,3,2905.1496442481875,nan,1,0,,-4.286224365234375,-1.7459030151367188
411,1,20,0,3,24.57389524206519,nan,0,1,,-3.577423095703125,-1.0124588012695312
412,1,20,0,3,2900.0608446775004,nan,1,0,,-2.7442626953125,-0.25162506103515625
413,1,20,0,3,16.770230195950717,nan,1,0,,-2.5029296875,-0.11656951904296875
414,1,20,0,3,18.88533363584429,nan,1,0,,-2.5074462890625,-0.1527557373046875
415,1,20,0,3,16.42926878342405,nan,1,0,,-2.04815673828125,-6.103515625e-05
416,1,20,0,3,15.132245672866702,nan,1,0,,-1.721771240234375,-0.00299072265625
417,1,20,0,3,13.24610923603177,nan,1,0,,-1.4862289428710938,-0.22185516357421875
418,1,20,0,3,12.63563053496182,nan,1,0,,-1.23187255859375,-0.08408737182617188
419,1,20,0,3,12.109920267015696,nan,0,1,,-0.733673095703125,-0.098175048828125
420,1,20,0,3,12.589910790324211,nan,0,1,,-0.47137451171875,-0.14244651794433594
421,1,20,0,3,15.970197089016438,nan,1,0,,-0.9709930419921875,-0.08773040771484375
422,1,20,0,3,17.862752152606845,nan,1,0,,-0.878509521484375,-0.15270233154296875
423,1,20,0,3,19.64702900312841,nan,1,0,,-0.913116455078125,-0.14012908935546875
424,1,20,0,3,18.77609520033002,nan,1,0,,-0.6036376953125,-0.1561126708984375
425,1,20,0,3,20.26258298009634,nan,1,0,,-1.2734375,-0.0359649658203125
426,1,20,0,3,20.488231793045998,nan,1,0,,-1.2704925537109375,-0.047161102294921875
427,1,20,0,3,19.491877611726522,nan,1,0,,-1.35546875,-0.0830841064453125
428,1,20,0,3,16.477975700050592,nan,1,0,,-1.42218017578125,-0.14596176147460938
429,1,20,0,3,23.12784595414996,nan,1,0,,-2.256500244140625,0.00634002685546875
430,1,20,0,3,27.729798931628466,nan,1,0,,-2.60650634765625,0.00458526611328125
431,1,20,0,3,22.54617246799171,nan,1,0,,-2.8529052734375,-0.01324462890625
432,1,20,0,3,19.99536495655775,nan,1,0,,-2.3961181640625,-0.014129638671875
433,1,20,0,3,18.38828546181321,nan,1,0,,-2.933502197265625,-0.03629302978515625
434,1,20,0,3,20.21490839123726,nan,1,0,,-2.71942138671875,-0.2005462646484375
435,1,20,0,3,19.31311545521021,nan,1,0,,-2.815582275390625,-0.000301361083984375
436,1,20,0,3,25.059026319533587,nan,1,0,,-3.5488433837890625,0.058765411376953125
437,1,20,0,3,22.15071315318346,nan,1,0,,-3.4876708984375,0.002529144287109375
438,1,20,0,3,25.722218725830317,nan,1,0,,-3.92376708984375,0.04744911193847656
439,1,20,0,3,22.746173160150647,nan,1,0,,-3.538665771484375,0.0003204345703125
440,1,20,0,3,21.8453364148736,nan,1,0,,-4.003692626953125,0.0007176399230957031
441,1,20,0,3,22.96242430061102,nan,1,0,,-4.132293701171875,8.0108642578125e-05
442,1,20,0,3,20.765528317540884,nan,1,0,,-4.254669189453125,-0.005077362060546875
443,1,20,0,3,23.753832198679447,nan,1,0,,-4.4849853515625,-0.0028018951416015625
444,1,20,0,3,25.520353261381388,nan,1,0,,-4.50518798828125,-0.0020885467529296875
445,1,20,0,3,27.09121146798134,nan,1,0,,-4.95745849609375,-0.0001430511474609375
446,1,20,0,3,24.791375756263733,nan,0,1,,-4.9888916015625,-0.0001621246337890625
447,1,20,0,3,23.81174685806036,nan,0,1,,-5.091796875,-0.0259246826171875
448,1,20,0,3,24.576043993234634,nan,1,0,,-5.504730224609375,0.014033794403076172
449,1,20,0,3,20.7601350992918,nan,1,0,,-4.8912353515625,-0.001110076904296875
450,1,20,0,3,25.880235202610493,nan,1,0,,-5.453125,0.012065887451171875
451,1,20,0,3,26.40831407904625,nan,1,0,,-5.40325927734375,-0.000762939453125
452,1,20,0,3,28.40556325390935,nan,1,0,,-5.5182037353515625,0.1299457550048828
453,1,20,0,3,25.013805147260427,nan,1,0,,-5.466217041015625,0.09737014770507812
454,1,20,0,3,23.906286612153053,nan,1,0,,-5.405029296875,0.18109130859375
455,1,20,0,3,22.41276463866234,nan,1,0,,-5.163116455078125,0.131256103515625
456,1,20,0,3,27.443481216207147,nan,1,0,,-4.9415283203125,0.1349639892578125
457,1,20,0,3,27.687660824507475,nan,1,0,,-5.48870849609375,0.054424285888671875
458,1,20,0,3,28.03539577871561,nan,1,0,,-4.9998931884765625,0.022296905517578125
459,1,20,0,3,26.29581955075264,nan,1,0,,-4.578521728515625,0.1186065673828125
460,1,20,0,3,25.704752516001463,nan,1,0,,-4.76202392578125,0.08750152587890625
461,1,20,0,3,25.571318317204714,nan,1,0,,-4.82269287109375,0.17540740966796875
462,1,20,0,3,27.60378623753786,nan,1,0,,-4.9973907470703125,0.001239776611328125
463,1,20,0,3,25.266422867774963,nan,1,0,,-4.5071563720703125,0.12647247314453125
464,1,20,0,3,30.33576387539506,nan,1,0,,-4.863861083984375,0.10292792320251465
465,1,20,0,3,29.03453439474106,nan,1,0,,-4.7239532470703125,0.15233993530273438
466,1,20,0,3,28.882761798799038,nan,1,0,,-4.73797607421875,0.049468994140625
467,1,20,0,3,25.67364677041769,nan,1,0,,-4.281463623046875,0.0033664703369140625
468,1,20,0,3,27.218222580850124,nan,1,0,,-5.023529052734375,0.17101669311523438
469,1,20,0,3,27.45921366289258,nan,1,0,,-5.28143310546875,0.01409149169921875
470,1,20,0,3,28.528134774416685,nan,1,0,,-5.56304931640625,0.200836181640625
471,1,20,0,3,28.558047641068697,nan,1,0,,-5.73358154296875,0.15976285934448242
472,1,20,0,3,29.20131951570511,nan,1,0,,-5.568756103515625,0.17780113220214844
473,1,20,0,3,27.475408857688308,nan,1,0,,-5.637115478515625,0.058380126953125
474,1,20,0,3,28.090942181646824,nan,1,0,,-5.7965087890625,0.05284690856933594
475,1,20,0,3,27.3523209951818,nan,1,0,,-5.71771240234375,0.0601654052734375
476,1,20,0,3,27.21443121135235,nan,1,0,,-5.688812255859375,0.05127716064453125
477,1,20,0,3,24.944107845425606,nan,1,0,,-5.46466064453125,0.21652984619140625
478,1,20,0,3,32.800837744027376,nan,1,0,,-6.723785400390625,0.046154022216796875
479,1,20,0,3,28.81814842298627,nan,1,0,,-6.412933349609375,0.14369583129882812
480,1,20,0,3,27.693812269717455,nan,1,0,,-6.777313232421875,0.03057098388671875
481,1,20,0,3,26.928255166858435,nan,1,0,,-6.735107421875,0.0257415771484375
482,0,20,0,3,29.71896567195654,nan,0,0,,-7.2265625,0.14772796630859375
483,1,20,0,3,32.38275568932295,nan,1,0,,-7.145355224609375,0.1127777099609375
484,1,20,0,2,25.975444201380014,nan,0,1,,-7.2881317138671875,0.3636474609375
485,1,20,0,2,27.415731701999903,nan,0,1,,-6.38458251953125,2.178813934326172
486,1,20,0,3,25.56391605734825,nan,0,1,,-6.7464141845703125,1.8506278991699219
487,1,20,0,3,24.901485063135624,nan,0,1,,-6.73699951171875,2.0916824340820312
488,1,20,0,3,26.220771845430136,nan,1,0,,-7.5205078125,2.4551010131835938
489,1,20,0,3,26.74635100364685,nan,1,0,,-7.252593994140625,2.9865798950195312
490,1,20,0,3,25.82851540669799,nan,1,0,,-6.9506683349609375,2.6846466064453125
491,1,20,0,3,23.413472782820463,nan,1,0,,-7.03564453125,2.5937347412109375
492,1,20,0,3,24.284316010773182,nan,1,0,,-6.794769287109375,2.5740509033203125
493,1,20,1,3,25.78250201046467,nan,1,0,,-6.192474365234375,3.0617752075195312
494,1,20,0,3,27.467914782464504,nan,1,0,,-6.7384185791015625,3.0734291076660156
495,1,20,1,3,24.049890272319317,nan,1,0,,-6.648040771484375,2.8551177978515625
496,1,20,1,3,25.40117671340704,23.493399024009705,1,0,,-6.176849365234375,2.8689498901367188
497,1,20,1,3,25.97439371421933,31.44683003425598,1,0,,-6.821533203125,2.8234710693359375
498,1,20,1,3,24.266420748084784,39.131281077861786,1,0,,-5.230010986328125,2.8836746215820312
499,1,20,1,3,24.520213343203068,36.72259837388992,1,0,,-6.392822265625,2.6168212890625
500,1,20,1,3,25.957272235304117,36.04791283607483,1,0,,-5.727691650390625,3.0500869750976562
501,1,20,1,3,25.338708601891994,23.87540191411972,1,0,,-6.084625244140625,2.7271804809570312
502,1,20,1,3,25.782604336738586,22.529064416885376,1,0,,-5.26983642578125,2.7512588500976562
503,1,20,1,3,26.064139656722546,20.30179426074028,1,0,,-4.564788818359375,2.7078323364257812
504,1,20,1,3,26.528070855885744,24.726845026016235,1,0,,-4.6446533203125,2.6466293334960938
505,1,20,1,3,25.89576244354248,29.33099091053009,1,0,,-4.435760498046875,2.5651626586914062
506,1,20,1,3,25.59041477367282,23.999510407447815,1,0,,-4.193511962890625,2.5685958862304688
507,1,20,1,3,24.763352807611227,29.715576767921448,1,0,,-3.773590087890625,2.6026840209960938
508,1,20,1,3,25.469053365290165,33.34600567817688,1,0,,-3.581085205078125,2.678466796875
509,1,20,1,3,23.696295261383057,26.897921562194824,1,0,,-3.723724365234375,2.4413070678710938
510,1,20,1,3,26.395800970494747,41.86222314834595,1,0,,-4.699859619140625,2.7033462524414062
511,1,20,1,3,23.582096926867962,29.945881962776184,1,0,,-3.75152587890625,2.434844970703125
512,1,20,1,3,24.379606381058693,23.759887218475342,1,0,,-3.1805419921875,2.7396163940429688
513,1,20,1,3,25.618630170822144,20.917912423610687,1,0,,-2.9906005859375,2.599334716796875
514,1,20,1,3,27.307038836181164,13.59626367688179,1,0,,-3.088653564453125,2.4965972900390625
515,1,20,1,3,25.825897503644228,12.131089568138123,1,0,,-3.34417724609375,2.6142196655273438
516,1,20,1,3,24.01379095762968,25.171544551849365,1,0,,-2.406524658203125,2.5001144409179688
517,1,20,1,3,23.69571939110756,28.16966414451599,1,0,,-2.369171142578125,2.5158462524414062
518,1,20,1,3,23.450331196188927,24.473456740379333,1,0,,-2.27557373046875,2.358978271484375
519,1,20,1,3,22.315914630889893,27.15084046125412,1,0,,-1.72711181640625,2.3625564575195312
520,1,20,1,3,22.970950305461884,27.144429981708527,1,0,,-2.018768310546875,2.50787353515625
521,1,20,1,3,22.03870853036642,27.431198358535767,1,0,,-1.573760986328125,2.4392623901367188
522,1,20,1,3,21.087543301284313,27.12214082479477,0,1,,-1.236175537109375,2.253448486328125
523,1,20,1,3,21.395049177110195,23.36638033390045,1,0,,-1.278594970703125,2.0513534545898438
524,1,20,1,3,18.790772767737508,5.0325751304626465,1,0,,-2.792999267578125,0.5831069946289062
525,0,20,1,3,18.259839987382293,15.06323754787445,0,0,,-3.00048828125,0.05755615234375
526,0,20,1,3,20.142567032715306,19.104928225278854,0,0,,-3.2679443359375,0.02959442138671875
527,0,20,1,3,20.612474815919995,13.866894543170929,0,0,,-2.684814453125,-0.05211782455444336
528,1,20,1,3,19.632061388343573,10.606086105108261,1,0,,-2.561309814453125,0.052712440490722656
529,1,19,1,3,19.846627625979874,7.558021768927574,1,0,,-2.5013427734375,0.0064830780029296875
530,1,19,1,3,18.362297242213238,14.93889570236206,1,0,,-2.499359130859375,0.007568359375
531,1,20,1,3,5782.614335199818,17.918808460235596,1,0,,-2.010009765625,-0.00040435791015625
532,1,20,1,3,5782.411397420336,19.138382077217102,1,0,,-2.687530517578125,0.001708984375
533,1,20,1,3,18.649206241127104,16.60043030977249,1,0,,-2.54150390625,-0.003582477569580078
534,1,20,1,3,17.05357852159068,12.569613307714462,1,0,,-2.498077392578125,0.004608154296875
535,1,20,1,3,17.275470829568803,11.855484545230865,1,0,,-2.7173309326171875,0.00811004638671875
536,1,20,1,3,16.145216935314238,9.462483376264572,1,0,,-3.01251220703125,0.010040283203125
537,1,20,1,3,15.496866708621383,8.202494904398918,1,0,,-2.5185546875,0.03592681884765625
538,1,20,1,3,15.704793286509812,11.907020509243011,0,1,,-2.703369140625,0.10643386840820312
539,1,20,1,3,16.27829662989825,15.011190623044968,1,0,,-2.73480224609375,0.00347900390625
540,1,20,1,3,17.05155615694821,12.143101841211319,1,0,,-2.190460205078125,0.00048065185546875
541,1,20,1,3,17.06652441713959,10.376653298735619,1,0,,-2.4976654052734375,0.01598358154296875
542,1,20,1,3,14.75776775367558,7.810616120696068,1,0,,-2.547393798828125,0.012996673583984375
543,1,20,1,3,14.057572974823415,9.813541620969772,1,0,,-2.574951171875,-0.003792285919189453
544,1,20,1,3,12.987628399394453,8.737718984484673,1,0,,-2.553466796875,-0.0229034423828125
545,1,20,1,3,12.64647118980065,7.374680712819099,1,0,,-2.74615478515625,-0.025798797607421875
546,1,20,1,3,11.959746896289289,9.115817919373512,1,0,,-2.35186767578125,-0.1691131591796875
547,1,20,1,3,13.206061818636954,6.07608787715435,1,0,,-2.404144287109375,-0.027859210968017578
548,1,20,1,3,12.911748371087015,9.221196547150612,1,0,,-2.628814697265625,-0.042256832122802734
549,1,20,1,3,12.695749689359218,8.08807522058487,1,0,,-2.717926025390625,-0.08161163330078125
550,1,20,1,3,11.306758287828416,6.0385094583034515,1,0,,-2.3947296142578125,0.006288051605224609
551,1,20,1,3,10.5455676818965,8.118733540177345,1,0,,-2.62481689453125,-0.09835052490234375
552,1,20,1,3,10.247778352349997,14.57554891705513,1,0,,-2.8560791015625,-0.2503852844238281
553,1,20,1,3,9.513990921434015,8.496965244412422,1,0,,-2.627227783203125,-0.0752105712890625
554,1,21,1,3,11.683618922252208,8.774087056517601,1,0,,-3.56927490234375,0.17371368408203125
555,1,21,1,3,10.635915664024651,1.9788261875510216,1,0,,-3.28753662109375,-0.020870208740234375
556,1,21,1,3,19.754061790715372,1.5068043395876884,1,0,,-3.6702880859375,-0.0800933837890625
557,1,20,1,3,12.519994704052806,8.99071030318737,1,0,,-3.742523193359375,-0.20984649658203125
558,1,22,1,1,33.78076275670463,9.981651082634926,1,0,,-3.72821044921875,-0.025630950927734375
559,1,21,1,2,1552.148519914065,14.763738065958023,1,0,,-3.996673583984375,-0.017181396484375
560,1,21,1,2,10.374458102243286,12.971249967813492,1,0,,-3.739501953125,-0.16477584838867188
561,1,20,1,3,9.612881750799716,20.92094600200653,1,0,,-3.92626953125,-0.12483596801757812
562,1,20,1,3,9.234556274022907,20.805110782384872,1,0,,-3.8024749755859375,-0.15959930419921875
563,1,20,1,3,9.485055363737047,10.7464300096035,1,0,,-3.700592041015625,-0.0014820098876953125
564,1,20,1,3,10.188067451119423,6.5411534160375595,1,0,,-3.4130630493164062,0.04808545112609863
565,1,20,1,3,8.574967025779188,7.166752517223358,1,0,,-3.73907470703125,-0.03708648681640625
566,0,20,1,3,8.885488542728126,14.450312554836273,0,0,,-3.35302734375,-0.00025177001953125
567,0,20,1,3,9.166836724150926,8.97731602191925,0,0,,-3.0196533203125,0.175262451171875
568,0,20,1,3,9.581222933717072,4.912571758031845,0,0,,-2.7644195556640625,0.1411285400390625
569,0,20,1,3,10.8032466606237,8.668794259428978,0,0,,-2.40985107421875,-0.1118927001953125
570,0,20,1,3,9.831805804744363,7.015964090824127,0,0,,-2.2877044677734375,-0.07198333740234375
571,0,20,1,3,8.895551227033138,2.195450607687235,0,0,,-2.849212646484375,0.1826019287109375
572,0,20,1,3,9.47108537144959,2.346490491181612,0,0,,-2.709442138671875,0.0913848876953125
573,0,20,1,3,10.196069461293519,1.4864338003098965,0,0,,-1.577911376953125,-0.009805917739868164
574,0,20,1,3,10.112934979610145,2.401456832885742,0,0,,-1.4612579345703125,-0.00713348388671875
575,0,20,1,3,9.244002597173676,2.8678571060299873,0,0,,-0.9898529052734375,-0.0153045654296875
576,0,20,1,3,9.064303190913051,1.7627641931176186,0,0,,-0.6565322875976562,0.0087890625
577,1,20,1,3,9.531605574768037,3.313613086938858,1,0,,-0.5215911865234375,0.00927734375
578,1,20,1,4,9.69634194066748,6.995716094970703,0,1,,0.0,0.0065155029296875
579,1,20,2,3,8.161510029807687,137885.06469726562,1,0,,0.175140380859375,0.0244293212890625
580,1,20,2,3,7.875167554244399,137919.00146484375,0,1,,0.237335205078125,0.13496017456054688
581,1,20,2,3,7.2810084144584835,137871.73278808594,0,1,,0.1916046142578125,0.08748626708984375
582,1,20,2,3,8.375628403387964,30.202555283904076,1,0,,0.515594482421875,0.000148773193359375
583,1,20,1,3,8.676750361919403,137751.22924804688,0,1,,0.504150390625,-0.0070323944091796875
584,1,20,1,3,8.467569692060351,5.573412738740444,0,1,,0.47869873046875,-0.003738880157470703
585,1,21,1,3,10.96464280039072,137624.42504882812,1,0,,0.7244415283203125,-0.12621307373046875
586,1,20,2,3,9.209314512088895,137632.55493164062,0,1,,0.3069610595703125,-0.11117696762084961
587,1,20,1,3,8.518254121765494,137627.98461914062,0,1,,0.915008544921875,-0.0101318359375
588,1,20,1,3,8.241577145643532,6.735678613185883,0,1,,0.5051727294921875,-0.005108356475830078
589,1,20,1,3,8.472166763618588,8.910948112607002,1,0,,1.237274169921875,0.047046661376953125
590,1,20,1,3,8.713802799582481,5.305455699563026,1,0,,0.9549560546875,0.08301544189453125
591,1,20,1,3,9.16541694290936,7.2914014756679535,1,0,,0.99578857421875,0.0009970664978027344
592,1,21,1,3,9.091676655225456,137433.50463867188,1,0,,1.00543212890625,-0.03551530838012695
593,1,20,2,3,10.08735241368413,137443.53515625,1,0,,1.23883056640625,-0.04016995429992676
594,1,20,2,3,10.627046064008027,89.94518805295229,1,0,,2.536834716796875,0.103424072265625
595,1,20,2,3,8.235842287307605,40.66871456801891,1,0,,1.26483154296875,-0.0006847381591796875
596,1,20,2,3,8.986047395970672,17.17100389301777,1,0,,1.282073974609375,0.020477294921875
597,1,20,2,3,8.846367627382278,17.849318124353886,0,1,,1.76220703125,0.02471923828125
598,1,20,0,3,9.097128665191121,nan,0,1,,1.99993896484375,-0.0054168701171875
599,1,20,1,3,9.139369839336723,9.116605147719383,0,1,,1.72509765625,-0.0028417110443115234
600,1,20,1,3,10.104677560273558,10.609890818595886,0,1,,1.36285400390625,0.061031341552734375
601,1,20,1,3,11.721374509390444,10.104935467243195,1,0,,1.7103271484375,0.0012359619140625
602,1,21,1,3,11.995467524975538,8.923287615180016,1,0,,1.2648773193359375,-0.00348663330078125
603,1,21,1,3,11.562823945922512,11.507851481437683,1,0,,1.346221923828125,-0.006689310073852539
604,1,20,1,3,11.772708909586072,8.76326434314251,1,0,,1.473297119140625,-0.10930442810058594
605,1,21,1,3,9.93885916790792,11.211073100566864,1,0,,1.639984130859375,0.03753662109375
606,1,20,1,3,8.983867979608476,12.51986637711525,1,0,,1.714508056640625,0.012746334075927734
607,1,21,1,3,9.959628893528134,137197.73803710938,1,0,,1.66278076171875,-0.0015621185302734375
608,1,21,1,3,6540.390669255118,137225.478515625,1,0,,1.691375732421875,-0.05704498291015625
609,1,20,1,3,12.663948903791606,10.289791971445084,1,0,,1.79473876953125,-0.03551483154296875
610,1,21,1,3,13.296536772378854,9.976929724216461,1,0,,1.877410888671875,-0.01172637939453125
611,1,20,1,3,13.416648198617622,9.055051803588867,1,0,,2.47998046875,-0.005372762680053711
612,1,21,1,3,13.703716350719333,12.98706829547882,1,0,,2.0,0.00017547607421875
613,1,20,1,3,13.381515962770209,12.390932589769363,1,0,,1.353607177734375,-0.017791748046875
614,1,20,1,3,13.407366997911595,6.413297206163406,1,0,,2.4714813232421875,-0.13800811767578125
615,1,19,1,3,13.114675161379733,18.109019994735718,1,0,,2.30328369140625,-0.02783966064453125
616,1,19,1,3,12.062421832233667,18.622516840696335,1,0,,1.92730712890625,-0.0004730224609375
617,1,20,1,3,13.112926043472008,136891.1865234375,1,0,,1.99798583984375,-0.002857208251953125
618,1,19,1,3,13.724304191572102,136921.19018554688,1,0,,2.523162841796875,-0.05091094970703125
619,1,19,1,3,12.072120625035543,9.001072347164154,0,1,,1.816162109375,-0.020832061767578125
620,1,19,1,3,12.096620019231187,9.87586073577404,0,1,,1.984344482421875,-0.18169403076171875
621,1,19,1,3,11.869807144332873,16.146658211946487,0,1,,2.282073974609375,-0.01715850830078125
622,1,19,1,3,10.680417148886542,13.529140055179596,1,0,,1.75238037109375,-0.03209066390991211
623,1,20,1,3,6775.122159193922,11.422286331653595,1,0,,1.522857666015625,-0.1414794921875
624,1,20,1,3,32.62334242835641,14.037914872169495,1,0,,2.262115478515625,-0.019256591796875
625,1,20,1,3,6776.105058251414,16.897541284561157,1,0,,2.2574462890625,-0.15964126586914062
626,1,20,1,3,15.290396737866104,17.913458794355392,1,0,,2.308349609375,-0.03655242919921875
627,1,20,1,3,14.11741892946884,18.151999711990356,1,0,,2.4013519287109375,-0.04369354248046875
628,1,20,1,3,13.89383776858449,13.501306772232056,1,0,,2.28350830078125,-0.0294342041015625
629,1,20,1,3,14.48811492556706,10.89272104203701,1,0,,2.65472412109375,-0.1662445068359375
630,1,20,1,3,14.478706452995539,11.404483169317245,1,0,,1.99822998046875,-0.0035400390625
631,1,20,1,3,16.49577880371362,13.24831411242485,1,0,,2.002960205078125,0.045238494873046875
632,1,20,1,3,16.706585017964244,14.286145269870758,1,0,,1.9421539306640625,-0.025634765625
633,1,21,1,2,15.862657042273455,11.346863955259323,1,0,,1.767486572265625,-0.01476287841796875
634,1,21,1,2,15.74313528037497,9.907521530985832,1,0,,1.8437042236328125,-0.01006460189819336
635,0,21,1,2,15.215208461242062,16.21706485748291,0,0,,1.625946044921875,-0.0199737548828125
636,0,21,1,3,16.591934524476528,20.7150636613369,0,0,,1.28955078125,-0.06507492065429688
637,0,21,1,2,15.513640535729271,20.03484070301056,0,0,,1.245635986328125,-0.00431060791015625
638,0,21,1,2,17.317735510213033,16.747348308563232,0,0,,2.3238525390625,0.014585256576538086
639,0,21,1,2,14.988793155976705,11.05554923415184,0,0,,1.24700927734375,0.182647705078125
640,0,20,1,3,15.501661299727857,11.321691423654556,0,0,,1.192413330078125,-0.0033397674560546875
641,0,20,1,3,17.49543299060315,11.841549128293991,0,0,,1.1719818115234375,0.02291107177734375
642,1,20,1,3,19.372016983106732,15.256577879190445,1,0,,1.4606475830078125,0.13099098205566406
643,1,20,1,3,19.012138662859797,10.294593796133995,1,0,,1.5062255859375,-0.12483596801757812
644,1,20,1,3,18.182599626481533,14.713541865348816,1,0,,1.717987060546875,0.0034694671630859375
645,1,20,1,3,15.136686405166984,17.25019410252571,1,0,,1.2032470703125,-0.0683746337890625
646,1,20,1,3,16.639949709177017,17.904473394155502,1,0,,1.661834716796875,-0.02367401123046875
647,1,20,1,3,15.918651267886162,17.96379581093788,1,0,,2.0,-0.0002372264862060547
648,1,20,1,3,16.734590062871575,12.172339260578156,1,0,,1.963287353515625,-0.12341737747192383
649,1,20,1,3,15.86417115200311,9.70375545322895,1,0,,1.344268798828125,-0.0311279296875
650,1,20,1,3,16.259799990803003,13.906654268503189,1,0,,2.003265380859375,0.00336456298828125
651,1,21,1,3,15.709214975126088,12.538360208272934,1,0,,2.047943115234375,-0.000762939453125
652,1,21,1,2,3870.3841277265124,13.19425418972969,1,0,,2.20263671875,-0.01090240478515625
653,1,22,1,2,289.15300780032965,11.495473086833954,1,0,,2.199462890625,-0.0607452392578125
654,1,20,1,3,14.74643899127841,11.594812721014023,1,0,,2.251007080078125,-0.003200531005859375
655,1,20,1,3,14.221963478252292,16.05630397796631,1,0,,1.973602294921875,-0.0483856201171875
656,1,20,1,3,14.9170201420784,16.19680881500244,1,0,,1.80902099609375,0.0
657,1,20,1,3,3280.993999734521,14.716867804527283,1,0,,2.007080078125,-0.20843505859375
658,1,19,1,3,3447.8962616034246,12.387401461601257,1,0,,1.6690673828125,-0.009870290756225586
659,1,20,1,2,688.9280139170588,9.515141174197197,1,0,,1.5007476806640625,-0.16291046142578125
660,1,20,1,2,14.139201739802957,11.522338092327118,1,0,,1.46197509765625,-0.038524627685546875
661,1,20,1,2,15.853822795674205,10.983739122748375,1,0,,1.476470947265625,-0.042943716049194336
662,1,21,1,2,15.241349654272199,10.630060359835625,1,0,,1.53289794921875,-0.02265167236328125
663,1,21,1,2,15.92145215187754,11.584019511938095,1,0,,1.4583740234375,0.00688934326171875
664,1,22,1,2,14.292081118162189,133570.48095703125,1,0,,1.0008544921875,0.00012969970703125
665,1,20,1,3,14.273837325163186,133599.39697265625,1,0,,1.501007080078125,-0.0007171630859375
666,1,20,1,3,12.563011368736625,14.537544697523117,1,0,,1.737548828125,-0.018566608428955078
667,1,20,1,3,12.44682095758617,13.815111815929413,1,0,,1.98443603515625,-0.024959564208984375
668,1,20,1,3,12.628919052891433,10.890862941741943,1,0,,2.241058349609375,0.0017547607421875
669,1,21,1,2,3122.801584213972,9.584315344691277,1,0,,2.477813720703125,-0.01233816146850586
670,1,20,1,3,26.783061572816223,11.160159409046173,1,0,,2.711517333984375,-0.0267333984375
671,1,20,1,3,24.532199871260673,nan,1,0,,2.389801025390625,-0.0357213020324707
672,1,20,1,3,26.242219207808375,13.22098508477211,1,0,,3.103973388671875,-0.09645462036132812
673,1,19,1,3,3468.973597490082,9.760017469525337,1,0,,2.509063720703125,-0.06289291381835938
674,1,20,1,3,17.08017299696803,13.949615210294724,0,1,,2.996856689453125,-0.0005896091461181641
675,1,20,1,3,14.176510563120246,11.284034550189972,1,0,,2.99700927734375,-0.16489028930664062
676,1,20,1,3,14.015533983707428,9.230696260929108,1,0,,2.681671142578125,-0.0281219482421875
677,1,19,1,3,15.513538254032794,11.376999914646149,1,0,,2.985076904296875,-0.053562164306640625
678,1,19,1,3,14.722780981346181,14.168266206979752,1,0,,3.295013427734375,-0.20870208740234375
679,1,19,1,3,12.249957563257531,12.220109403133392,1,0,,3.05419921875,-0.0758819580078125
680,1,20,1,3,3381.6474199199583,10.777333751320839,1,0,,2.776397705078125,0.0045166015625
681,1,20,1,3,3383.9991549281403,7.198955789208412,1,0,,3.346893310546875,0.01788330078125
682,1,20,1,3,12.00645774230361,6.172613203525543,1,0,,2.975555419921875,-0.0176544189453125
683,1,20,1,3,11.906990686431527,4.428248964250088,1,0,,2.978057861328125,-0.06539535522460938
684,1,20,1,3,11.763877694495022,6.4239402115345,1,0,,3.1160888671875,-0.08646392822265625
685,1,20,1,3,11.734186973422766,8.507089912891388,1,0,,3.008056640625,-0.1309356689453125
686,1,20,1,3,10.797354765236378,13.491995483636856,1,0,,2.72662353515625,-0.010974884033203125
687,1,20,1,3,13.004736626520753,11.541660726070404,1,0,,2.743316650390625,-0.0381317138671875
688,1,20,1,3,13.647708462551236,10.622343644499779,1,0,,2.999969482421875,-0.0034942626953125
689,1,20,1,3,14.39893207512796,11.17251768708229,1,0,,3.280364990234375,-0.043430328369140625
690,1,20,1,3,13.99042691476643,10.561882629990578,1,0,,3.463470458984375,-0.04695892333984375
691,1,20,1,3,14.102376200258732,10.87339036166668,1,0,,2.99969482421875,-0.0009002685546875
692,1,20,1,3,16.714172664564103,8.371033519506454,1,0,,3.38092041015625,-0.036472320556640625
693,1,20,1,3,16.016595063731074,5.476829074323177,1,0,,3.587799072265625,-0.015738725662231445
694,1,21,1,2,14.303742547120367,5.856994986534119,1,0,,3.507659912109375,-0.015411376953125
695,1,20,1,3,16.57123114717634,6.697909086942673,1,0,,3.727325439453125,-0.0278167724609375
696,1,20,1,3,15.986867923289537,6.624851748347282,1,0,,3.732696533203125,-0.13238525390625
697,1,20,1,3,13.563299529254436,6.857045888900757,1,0,,3.569915771484375,-0.1508619785308838
698,1,19,1,3,14.672682443143506,9.60775651037693,1,0,,3.96551513671875,-0.0371856689453125
699,1,19,1,3,16.979029070782033,12.36297994852066,1,0,,4.407051086425781,-0.0901031494140625
700,1,19,1,3,18.673775901919917,6.747951731085777,1,0,,4.251190185546875,-0.023951053619384766
701,1,19,1,3,16.54546125939018,6.2693752348423,1,0,,4.07940673828125,-0.1772308349609375
702,1,19,1,3,17.044673983595874,5.3683387488126755,1,0,,3.9998779296875,-0.0452117919921875
703,1,19,1,3,16.89562324042383,9.951002821326256,1,0,,4.17572021484375,-0.07323074340820312
704,1,19,1,3,17.51883159342565,11.357551217079163,1,0,,4.257781982421875,-0.02118682861328125
705,1,19,1,3,18.458605989029532,11.12239457666874,1,0,,4.1265411376953125,-0.12702178955078125
706,1,19,1,3,21.791563185029908,5.698311477899551,1,0,,4.142486572265625,-0.19904708862304688
707,1,19,1,3,18.742990464364226,5.74063740670681,1,0,,4.004150390625,-0.015838623046875
708,1,19,1,3,19.658229952972185,1.4760120771825314,1,0,,4.179229736328125,-0.0504302978515625
709,1,20,1,3,18.65848911043845,2.8306374326348305,1,0,,4.24542236328125,-0.08738327026367188
710,1,21,1,3,16.763423290103674,4.1871267557144165,0,1,,4.08123779296875,-0.03433990478515625
711,1,21,1,3,26.684915434036935,6.374581530690193,1,0,,4.26385498046875,-0.025951385498046875
712,1,21,1,3,143.2792825990562,6.970219686627388,1,0,,4.026763916015625,-0.17885589599609375
713,1,21,1,3,26.406482987638032,10.956773534417152,1,0,,4.2940673828125,-0.06435394287109375
714,1,22,1,2,27.92646202919158,10.780721381306648,1,0,,4.374114990234375,-0.061855316162109375
715,1,22,1,2,22.47170651500875,9.0170918405056,1,0,,3.731689453125,-0.0264892578125
716,1,20,1,2,17.400630271062255,7.585288435220718,1,0,,3.7366790771484375,-0.007341861724853516
717,1,20,1,3,18.744391137734056,12.25668266415596,1,0,,3.9117431640625,-0.1577606201171875
718,1,20,1,3,3845.7871810533106,9.194597750902176,1,0,,3.74176025390625,-0.047031402587890625
719,1,20,1,3,3848.2409834749997,8.812306523323059,1,0,,4.066436767578125,-0.030834197998046875
720,1,20,1,3,17.2512791629415,5.612628981471062,1,0,,3.42724609375,-0.07368850708007812
721,1,20,1,3,17.789774358272552,2.291416861116886,1,0,,3.509521484375,-0.062435150146484375
722,1,20,1,3,17.35601400397718,2.90314894169569,1,0,,3.34661865234375,-0.0158843994140625
723,1,20,1,3,20.17701439373195,6.903083324432373,1,0,,3.53485107421875,-0.048442840576171875
724,1,20,1,3,19.238095058128238,7.610914260149002,1,0,,3.683380126953125,-0.0052776336669921875
725,1,20,1,3,18.178778115659952,7.301658242940903,1,0,,3.619903564453125,-0.12165451049804688
726,1,20,1,3,20.558746363967657,7.901752218604088,1,0,,3.508026123046875,0.00478363037109375
727,1,20,1,3,20.491764698177576,7.360159903764725,1,0,,3.455108642578125,-0.225616455078125
728,0,21,1,3,18.11680118367076,143669.65209960938,0,0,,3.9998779296875,-0.02082061767578125
729,0,20,1,3,16.248103162273765,143679.78149414062,0,0,,3.8348388671875,-0.041049957275390625
730,0,20,2,3,19.19632402807474,144089.27490234375,0,0,,3.724395751953125,-0.18747711181640625
731,0,20,2,3,17.855747932568192,144132.90161132812,0,0,,3.4034271240234375,-0.055217742919921875
732,0,20,2,3,18.647696966305375,144286.9024658203,0,0,,3.842926025390625,-0.12548828125
733,0,21,1,3,15.980357278404492,177.17255473136902,0,0,,3.45965576171875,-0.12357330322265625
734,0,20,1,3,17.6515610832721,144592.93212890625,0,0,,3.27325439453125,-0.0387420654296875
735,0,21,1,3,16.720184715730802,145030.78125,0,0,,2.86224365234375,-0.05510997772216797
736,0,20,1,3,20.946748416870832,145034.5166015625,0,0,,3.27081298828125,-0.0027065277099609375
737,0,21,1,3,19.453643137323006,145497.60131835938,0,0,,3.4643707275390625,-0.16009521484375
738,0,20,1,3,18.04887387994677,4.850512146949768,0,0,,3.62255859375,-0.11060333251953125
739,0,20,2,3,18.596441318280995,109318.42254638672,0,0,,3.421295166015625,-0.04943084716796875
740,0,20,0,3,19.612049410119653,nan,0,0,,3.28558349609375,-0.06676483154296875
741,1,20,1,3,22.357887916266918,5.717858076095581,1,0,,3.735198974609375,-0.10526275634765625
742,1,20,1,3,23.09752215631306,8.669718950986862,1,0,,3.733734130859375,-0.21220016479492188
743,1,20,1,3,24.585066944360733,8.437755480408669,1,0,,3.933349609375,-0.02433013916015625
744,1,20,1,3,24.56008867174387,8.329027444124222,1,0,,4.27288818359375,-0.1405506134033203
745,1,20,1,3,19.840379141271114,8.86095978319645,1,0,,4.0,-0.029567718505859375
746,1,20,1,3,19.423633203841746,5.8980643004179,1,0,,3.7366943359375,-0.14888548851013184
747,1,20,1,3,24.95612875185907,6.7639269679784775,1,0,,4.2882080078125,-0.0434417724609375
748,1,20,1,3,25.718697655946016,7.471156418323517,1,0,,4.487213134765625,-0.0227963924407959
749,1,21,1,3,20.676486454434503,3.567790612578392,1,0,,3.38861083984375,-0.01534271240234375
